{
    "TableElements": [
        {
            "x": 8.209994316101075,
            "y": 7.51694917678833,
            "z": -0.3936837613582611
        },
        {
            "x": 8.309993743896485,
            "y": 7.493407249450684,
            "z": -1.5089162588119507
        },
        {
            "x": 8.409994125366211,
            "y": 7.646861553192139,
            "z": -2.766623020172119
        },
        {
            "x": 8.509993553161621,
            "y": 8.521411895751954,
            "z": -3.6092286109924318
        }
    ]
}